{"count":1,"self":59.792992,"total":63.620098,"children":{"AgentResetIfDone":{"count":2591,"self":0.090972,"total":0.090972,"children":null},"AgentSendState":{"count":2591,"self":0.202564,"total":0.839279,"children":{"CollectObservations":{"count":4535,"self":0.63671499999999992,"total":0.63671499999999992,"children":null}}},"DecideAction":{"count":2591,"self":2.682663,"total":2.682663,"children":null},"AcademyStep":{"count":2591,"self":0.054728,"total":0.054728,"children":null},"AgentAct":{"count":2591,"self":0.158387,"total":0.158387,"children":null}}}