{"cameraMode":{"drawMode":0,"name":"Shaded","section":"Shading Mode"},"sceneLighting":false,"audioPlay":false,"sceneViewState":{"showFog":true,"showMaterialUpdate":false,"showSkybox":false,"showFlares":true,"showImageEffects":true,"showParticleSystems":true},"in2DMode":false,"pivot":{"x":117.60267639160156,"y":67.40872192382813,"z":30.453603744506837},"rotation":{"x":-0.0043936860747635368,"y":0.9950911998748779,"z":-0.08409512042999268,"w":-0.051989998668432239},"size":152.56320190429688,"orthographic":false}