{"cameraMode":{"drawMode":0,"name":"Shaded","section":"Shading Mode"},"sceneLighting":false,"audioPlay":false,"sceneViewState":{"showFog":true,"showMaterialUpdate":false,"showSkybox":false,"showFlares":true,"showImageEffects":true,"showParticleSystems":true},"in2DMode":false,"pivot":{"x":52.85796356201172,"y":107.71197509765625,"z":4.860359191894531},"rotation":{"x":-0.23594878613948823,"y":0.06902146339416504,"z":-0.016803575679659845,"w":-0.9691661596298218},"size":49.390708923339847,"orthographic":false}