{"cameraMode":{"drawMode":0,"name":"Shaded","section":"Shading Mode"},"sceneLighting":false,"audioPlay":false,"sceneViewState":{"showFog":true,"showMaterialUpdate":false,"showSkybox":false,"showFlares":true,"showImageEffects":true,"showParticleSystems":true},"in2DMode":false,"pivot":{"x":231.69683837890626,"y":123.61380004882813,"z":76.17514038085938},"rotation":{"x":-0.23594878613948823,"y":0.06902146339416504,"z":-0.016803575679659845,"w":-0.9691661596298218},"size":55.62688446044922,"orthographic":false}