{"cameraMode":{"drawMode":0,"name":"Shaded","section":"Shading Mode"},"sceneLighting":true,"audioPlay":false,"sceneViewState":{"showFog":true,"showMaterialUpdate":false,"showSkybox":true,"showFlares":true,"showImageEffects":true,"showParticleSystems":true},"in2DMode":false,"pivot":{"x":-25.892227172851564,"y":63.52197265625,"z":144.34918212890626},"rotation":{"x":0.35159721970558169,"y":-0.6448265314102173,"z":0.5202726721763611,"w":0.4357713758945465},"size":944.9542846679688,"orthographic":false}