{"cameraMode":{"drawMode":0,"name":"Shaded","section":"Shading Mode"},"sceneLighting":false,"audioPlay":false,"sceneViewState":{"showFog":true,"showMaterialUpdate":false,"showSkybox":false,"showFlares":true,"showImageEffects":true,"showParticleSystems":true},"in2DMode":false,"pivot":{"x":240.2274627685547,"y":135.70181274414063,"z":65.19308471679688},"rotation":{"x":-0.23594878613948823,"y":0.06902146339416504,"z":-0.016803575679659845,"w":-0.9691661596298218},"size":26.254674911499025,"orthographic":false}