{"cameraMode":{"drawMode":0,"name":"Shaded","section":"Shading Mode"},"sceneLighting":false,"audioPlay":false,"sceneViewState":{"showFog":true,"showMaterialUpdate":false,"showSkybox":false,"showFlares":true,"showImageEffects":true,"showParticleSystems":true},"in2DMode":false,"pivot":{"x":250.57827758789063,"y":141.27847290039063,"z":-0.3831939697265625},"rotation":{"x":-0.23594878613948823,"y":0.06902146339416504,"z":-0.016803575679659845,"w":-0.9691661596298218},"size":55.203834533691409,"orthographic":false}