{"cameraMode":{"drawMode":0,"name":"Shaded","section":"Shading Mode"},"sceneLighting":false,"audioPlay":false,"sceneViewState":{"showFog":true,"showMaterialUpdate":false,"showSkybox":false,"showFlares":true,"showImageEffects":true,"showParticleSystems":true},"in2DMode":false,"pivot":{"x":99.13583374023438,"y":96.37969970703125,"z":85.05374145507813},"rotation":{"x":0.4532104730606079,"y":-0.010696114972233773,"z":0.0054387119598686699,"w":0.8913266062736511},"size":27.254758834838868,"orthographic":false}