{"cameraMode":{"drawMode":0,"name":"Shaded","section":"Shading Mode"},"sceneLighting":false,"audioPlay":false,"sceneViewState":{"showFog":true,"showMaterialUpdate":false,"showSkybox":false,"showFlares":true,"showImageEffects":true,"showParticleSystems":true},"in2DMode":false,"pivot":{"x":-17.02098846435547,"y":151.17913818359376,"z":-74.01210021972656},"rotation":{"x":0.38869228959083559,"y":0.052474360913038257,"z":-0.022179454565048219,"w":0.9196049571037293},"size":18.58329963684082,"orthographic":false}