{"cameraMode":{"drawMode":0,"name":"Shaded","section":"Shading Mode"},"sceneLighting":false,"audioPlay":false,"sceneViewState":{"showFog":true,"showMaterialUpdate":false,"showSkybox":false,"showFlares":true,"showImageEffects":true,"showParticleSystems":true},"in2DMode":false,"pivot":{"x":233.2711944580078,"y":133.40834045410157,"z":64.31602478027344},"rotation":{"x":0.2885912358760834,"y":-0.681230902671814,"z":0.3379395604133606,"w":0.5817530155181885},"size":7.984059810638428,"orthographic":false}